{"is_source_file": false, "format": "", "description": "", "external_files": [], "external_methods": [], "published": [], "classes": [], "methods": [], "calls": [], "search-terms": [], "state": 2, "file_id": 4, "knowledge_revision": 7, "git_revision": "3e2ed2e170cf1cdc1761afe185d52820914bf3fa", "hash": "39230dcb85f4cad66f40472190db6f1d", "format-version": 4, "code-base-name": "sudoku_solver_backend", "filename": "README.md", "revision_history": [{"7": "3e2ed2e170cf1cdc1761afe185d52820914bf3fa"}]}