{"is_source_file": true, "format": "Python", "description": "This script generates an OpenAPI schema from a FastAPI application and writes it to a JSON file in a specified directory.", "external_files": ["src/api/main.py"], "external_methods": ["app.openapi()"], "published": [], "classes": [], "methods": [{"name": "os.makedirs", "description": "Creates a directory recursively if it does not exist"}, {"name": "os.path.join", "description": "Joins one or more path components intelligently"}], "calls": ["app.openapi()", "json.dump", "os.makedirs", "os.path.join"], "search-terms": ["generate_openapi", "openapi_schema", "app.openapi()", "write openapi json", "interfaces directory"], "state": 2, "file_id": 3, "knowledge_revision": 8, "git_revision": "2130956bd7a37018b0ba833f5b190f7684d43091", "ctags": [{"_type": "tag", "name": "openapi_schema", "path": "/home/kavia/workspace/code-generation/sudoku-solver-web-app-201128-201137/sudoku_solver_backend/src/api/generate_openapi.py", "pattern": "/^openapi_schema = app.openapi()$/", "language": "Python", "kind": "variable"}, {"_type": "tag", "name": "output_dir", "path": "/home/kavia/workspace/code-generation/sudoku-solver-web-app-201128-201137/sudoku_solver_backend/src/api/generate_openapi.py", "pattern": "/^output_dir = \"interfaces\"$/", "language": "Python", "kind": "variable"}, {"_type": "tag", "name": "output_path", "path": "/home/kavia/workspace/code-generation/sudoku-solver-web-app-201128-201137/sudoku_solver_backend/src/api/generate_openapi.py", "pattern": "/^output_path = os.path.join(output_dir, \"openapi.json\")$/", "language": "Python", "kind": "variable"}], "hash": "61e3715e79bc397fab3e70f503a41417", "format-version": 4, "code-base-name": "sudoku_solver_backend", "filename": "sudoku_solver_backend/src/api/generate_openapi.py", "fields": [{"name": "openapi_schema = app.openapi()", "scope": "", "scopeKind": "", "description": "unavailable"}, {"name": "output_dir = \"interfaces\"", "scope": "", "scopeKind": "", "description": "unavailable"}, {"name": "output_path = os.path.join(output_dir, \"openapi.json\")", "scope": "", "scopeKind": "", "description": "unavailable"}], "revision_history": [{"8": "2130956bd7a37018b0ba833f5b190f7684d43091"}]}