{"is_source_file": true, "format": "Python", "description": "This file sets up a web API using FastAPI framework, configuring CORS middleware and providing a health check endpoint.", "external_files": ["fastapi", "fastapi.middleware.cors"], "external_methods": ["FastAPI", "CORSMiddleware"], "published": ["app"], "classes": [], "methods": [{"name": "health_check()", "description": "A GET endpoint that returns a simple health status message", "scope": "", "scopeKind": ""}], "calls": ["FastAPI()", "app.add_middleware", "CORSMiddleware", "@app.get"], "search-terms": ["FastAPI", "CORS", "health check", "main.py"], "state": 2, "file_id": 2, "knowledge_revision": 9, "git_revision": "2130956bd7a37018b0ba833f5b190f7684d43091", "ctags": [{"_type": "tag", "name": "app", "path": "/home/kavia/workspace/code-generation/sudoku-solver-web-app-201128-201137/sudoku_solver_backend/src/api/main.py", "pattern": "/^app = FastAPI()$/", "language": "Python", "kind": "variable"}, {"_type": "tag", "name": "health_check", "path": "/home/kavia/workspace/code-generation/sudoku-solver-web-app-201128-201137/sudoku_solver_backend/src/api/main.py", "pattern": "/^def health_check():$/", "language": "Python", "kind": "function", "signature": "()"}], "hash": "58352bf5f133908bab16643199aa483d", "format-version": 4, "code-base-name": "sudoku_solver_backend", "filename": "sudoku_solver_backend/src/api/main.py", "fields": [{"name": "app = FastAPI()", "scope": "", "scopeKind": "", "description": "unavailable"}], "revision_history": [{"9": "2130956bd7a37018b0ba833f5b190f7684d43091"}]}