{"is_source_file": true, "file_id": 1, "git_revision": "2130956bd7a37018b0ba833f5b190f7684d43091", "state": 2, "description": "", "external_files": [], "external_methods": [], "published": [], "classes": [], "methods": [], "calls": [], "search-terms": [], "ctags": [], "hash": null, "format-version": 4, "code-base-name": "sudoku_solver_backend", "filename": "sudoku_solver_backend/src/api/__init__.py", "knowledge_revision": 6, "revision_history": [{"6": "2130956bd7a37018b0ba833f5b190f7684d43091"}]}